{
  "1": {
    "x": 0.04897314375987362,
    "y": 1.2760460544790788,
    "width": 0.14916567930489733,
    "height": 0.08763743978571274
  },
  "2": {
    "x": 0.40837282780410744,
    "y": 1.1239712267513446,
    "width": 0.14916567930489733,
    "height": 0.08763743978571274
  },
  "3": {
    "x": 0.2812006319115324,
    "y": 1.2981660294212949,
    "width": 0.14916567930489733,
    "height": 0.08763743978571274
  },
  "4": {
    "x": 0.4676145339652449,
    "y": 1.3645259542479424,
    "width": 0.14916567930489733,
    "height": 0.08763743978571274
  },
  "5": {
    "x": 0.6129541864139021,
    "y": 1.3036960231568488,
    "width": 0.14916567930489733,
    "height": 0.08763743978571274
  },
  "6": {
    "x": 0.7488151658767772,
    "y": 1.3700559479834964,
    "width": 0.14916567930489733,
    "height": 0.08763743978571274
  },
  "7": {
    "x": 0.3657187993680885,
    "y": 0.6442442701920377,
    "width": 0.26303317535545023,
    "height": 0.26137861015704317
  }
}